,Province,County,Month_end_day,year_tr,semester_tr,monthly_tr,yearly_sales,semester_sales,monthly_sales,p50_12mo_sales,p50_6mo_sales,p50_3mo_sales,p50_12mo_sales_chng,p50_3mo_sales_chng,p25_12mo_sales,p75_12mo_sales
0,Ulster,Cavan,2014-01-31,,,30,$nan,$nan,"$2,169,250.00","$60,500.00","$60,500.00","$60,500.00",nan%,nan%,"$35,000.00","$91,750.00"
1,Ulster,Cavan,2014-02-28,,,31,$nan,$nan,"$2,627,000.00",$nan,$nan,$nan,nan%,nan%,$nan,$nan
2,Ulster,Cavan,2014-03-31,,,41,$nan,$nan,"$3,855,860.00",$nan,$nan,$nan,nan%,nan%,$nan,$nan
3,Ulster,Cavan,2014-04-30,,,34,$nan,$nan,"$3,023,583.00",$nan,$nan,"$70,000.00",nan%,15.70%,$nan,$nan
4,Ulster,Cavan,2014-05-31,,,37,$nan,$nan,"$3,744,500.00",$nan,$nan,$nan,nan%,nan%,$nan,$nan
5,Ulster,Cavan,2014-06-30,,203.0,30,$nan,"$18,128,593.00","$2,708,400.00",$nan,$nan,$nan,nan%,nan%,$nan,$nan
6,Ulster,Cavan,2014-07-31,,230.0,57,$nan,"$21,095,915.00","$5,136,572.00",$nan,"$75,000.00","$75,450.00",nan%,7.79%,$nan,$nan
7,Ulster,Cavan,2014-08-31,,247.0,48,$nan,"$22,340,915.00","$3,872,000.00",$nan,$nan,$nan,nan%,nan%,$nan,$nan
8,Ulster,Cavan,2014-09-30,,251.0,45,$nan,"$22,144,369.00","$3,659,314.00",$nan,$nan,$nan,nan%,nan%,$nan,$nan
9,Ulster,Cavan,2014-10-31,,263.0,46,$nan,"$22,633,086.00","$3,512,300.00",$nan,$nan,"$70,000.00",nan%,-7.22%,$nan,$nan
10,Ulster,Cavan,2014-11-30,,269.0,43,$nan,"$22,945,336.00","$4,056,750.00",$nan,$nan,$nan,nan%,nan%,$nan,$nan
11,Ulster,Cavan,2014-12-31,532.0,329.0,90,"$47,213,824.00","$29,085,231.00","$8,848,295.00",$nan,$nan,$nan,nan%,nan%,$nan,$nan
12,Ulster,Cavan,2015-01-31,556.0,326.0,54,"$50,403,324.00","$29,307,409.00","$5,358,750.00","$72,250.00","$72,000.00","$75,000.00",19.42%,7.14%,"$45,000.00","$116,625.00"
13,Ulster,Cavan,2015-02-28,565.0,318.0,40,"$51,143,074.00","$28,802,159.00","$3,366,750.00",$nan,$nan,$nan,nan%,nan%,$nan,$nan
14,Ulster,Cavan,2015-03-31,563.0,312.0,39,"$50,891,294.00","$28,746,925.00","$3,604,080.00",$nan,$nan,$nan,nan%,nan%,$nan,$nan
15,Ulster,Cavan,2015-04-30,577.0,314.0,48,"$52,635,972.18","$30,002,886.18","$4,768,261.18",$nan,$nan,"$75,000.00",nan%,0.00%,$nan,$nan
16,Ulster,Cavan,2015-05-31,578.0,309.0,38,"$52,814,472.18","$29,869,136.18","$3,923,000.00",$nan,$nan,$nan,nan%,nan%,$nan,$nan
17,Ulster,Cavan,2015-06-30,588.0,259.0,40,"$53,832,372.18","$24,747,141.18","$3,726,300.00",$nan,$nan,$nan,nan%,nan%,$nan,$nan
18,Ulster,Cavan,2015-07-31,576.0,250.0,45,"$55,364,550.18","$26,057,141.18","$6,668,750.00",$nan,"$76,000.00","$85,000.00",nan%,13.33%,$nan,$nan
19,Ulster,Cavan,2015-08-31,577.0,259.0,49,"$56,177,950.18","$27,375,791.18","$4,685,400.00",$nan,$nan,$nan,nan%,nan%,$nan,$nan
20,Ulster,Cavan,2015-09-30,584.0,272.0,52,"$57,006,516.18","$28,259,591.18","$4,487,880.00",$nan,$nan,$nan,nan%,nan%,$nan,$nan
21,Ulster,Cavan,2015-10-31,588.0,274.0,50,"$59,172,616.18","$29,169,730.00","$5,678,400.00",$nan,$nan,"$84,000.00",nan%,-1.18%,$nan,$nan
22,Ulster,Cavan,2015-11-30,601.0,292.0,56,"$60,703,158.18","$30,834,022.00","$5,587,292.00",$nan,$nan,$nan,nan%,nan%,$nan,$nan
23,Ulster,Cavan,2015-12-31,573.0,314.0,62,"$57,445,758.18","$32,698,617.00","$5,590,895.00",$nan,$nan,$nan,nan%,nan%,$nan,$nan
24,Ulster,Cavan,2016-01-31,561.0,311.0,42,"$57,013,008.18","$30,955,867.00","$4,926,000.00","$80,000.00","$85,000.00","$85,000.00",10.73%,1.19%,"$52,580.00","$130,000.00"
25,Ulster,Cavan,2016-02-29,546.0,287.0,25,"$55,761,508.18","$28,385,717.00","$2,115,250.00",$nan,$nan,$nan,nan%,nan%,$nan,$nan
26,Ulster,Cavan,2016-03-31,540.0,268.0,33,"$55,808,878.18","$27,549,287.00","$3,651,450.00",$nan,$nan,$nan,nan%,nan%,$nan,$nan
27,Ulster,Cavan,2016-04-30,531.0,257.0,39,"$54,774,167.00","$25,604,437.00","$3,733,550.00",$nan,$nan,"$75,000.00",nan%,-11.76%,$nan,$nan
28,Ulster,Cavan,2016-05-31,545.0,253.0,52,"$55,789,692.00","$24,955,670.00","$4,938,525.00",$nan,$nan,$nan,nan%,nan%,$nan,$nan
29,Ulster,Cavan,2016-06-30,549.0,235.0,44,"$56,597,842.00","$23,899,225.00","$4,534,450.00",$nan,$nan,$nan,nan%,nan%,$nan,$nan
30,Ulster,Cavan,2016-07-31,563.0,252.0,59,"$55,999,163.00","$25,043,296.00","$6,070,071.00",$nan,"$81,500.00","$88,000.00",nan%,17.33%,$nan,$nan
31,Ulster,Cavan,2016-08-31,570.0,283.0,56,"$57,543,263.00","$29,157,546.00","$6,229,500.00",$nan,$nan,$nan,nan%,nan%,$nan,$nan
32,Ulster,Cavan,2016-09-30,567.0,299.0,49,"$59,221,883.00","$31,672,596.00","$6,166,500.00",$nan,$nan,$nan,nan%,nan%,$nan,$nan
33,Ulster,Cavan,2016-10-31,573.0,316.0,56,"$59,445,627.50","$33,841,190.50","$5,902,144.50",$nan,$nan,"$95,000.00",nan%,7.95%,$nan,$nan
34,Ulster,Cavan,2016-11-30,572.0,319.0,55,"$60,538,339.50","$35,582,669.50","$6,680,004.00",$nan,$nan,$nan,nan%,nan%,$nan,$nan
35,Ulster,Cavan,2016-12-31,570.0,335.0,60,"$60,643,444.50","$36,744,219.50","$5,696,000.00",$nan,$nan,$nan,nan%,nan%,$nan,$nan
36,Ulster,Cavan,2017-01-31,570.0,318.0,42,"$61,655,119.22","$36,611,823.22","$5,937,674.72","$90,000.00","$99,000.00","$100,000.00",12.50%,5.26%,"$60,000.00","$145,000.00"
37,Ulster,Cavan,2017-02-28,585.0,302.0,40,"$64,880,869.22","$35,723,323.22","$5,341,000.00",$nan,$nan,$nan,nan%,nan%,$nan,$nan
38,Ulster,Cavan,2017-03-31,614.0,315.0,62,"$68,809,669.22","$37,137,073.22","$7,580,250.00",$nan,$nan,$nan,nan%,nan%,$nan,$nan
39,Ulster,Cavan,2017-04-30,614.0,298.0,39,"$68,944,069.22","$35,102,878.72","$3,867,950.00",$nan,$nan,"$95,000.00",nan%,-5.00%,$nan,$nan
40,Ulster,Cavan,2017-05-31,611.0,292.0,49,"$70,357,044.22","$34,774,374.72","$6,351,500.00",$nan,$nan,$nan,nan%,nan%,$nan,$nan
41,Ulster,Cavan,2017-06-30,624.0,289.0,57,"$73,830,594.22","$37,086,374.72","$8,008,000.00",$nan,$nan,$nan,nan%,nan%,$nan,$nan
42,Ulster,Cavan,2017-07-31,617.0,299.0,52,"$75,093,523.22","$38,481,700.00","$7,333,000.00",$nan,"$110,000.00","$118,000.00",nan%,24.21%,$nan,$nan
43,Ulster,Cavan,2017-08-31,607.0,305.0,46,"$75,310,023.22","$39,586,700.00","$6,446,000.00",$nan,$nan,$nan,nan%,nan%,$nan,$nan
44,Ulster,Cavan,2017-09-30,607.0,292.0,49,"$74,441,269.17","$37,304,195.95","$5,297,745.95",$nan,$nan,$nan,nan%,nan%,$nan,$nan
45,Ulster,Cavan,2017-10-31,604.0,306.0,53,"$75,579,719.67","$40,476,840.95","$7,040,595.00",$nan,$nan,"$106,250.00",nan%,-9.96%,$nan,$nan
46,Ulster,Cavan,2017-11-30,600.0,308.0,51,"$75,539,215.67","$40,764,840.95","$6,639,500.00",$nan,$nan,$nan,nan%,nan%,$nan,$nan
47,Ulster,Cavan,2017-12-31,596.0,307.0,56,"$77,247,655.67","$40,161,280.95","$7,404,440.00",$nan,$nan,$nan,nan%,nan%,$nan,$nan
48,Ulster,Cavan,2018-01-31,586.0,287.0,32,"$75,148,381.95","$36,666,681.95","$3,838,401.00","$110,000.00","$110,000.00","$125,000.00",22.22%,17.65%,"$67,125.00","$170,000.00"
49,Ulster,Cavan,2018-02-28,582.0,277.0,36,"$74,719,681.95","$35,132,981.95","$4,912,300.00",$nan,$nan,$nan,nan%,nan%,$nan,$nan
50,Ulster,Cavan,2018-03-31,566.0,274.0,46,"$72,304,164.95","$34,999,969.00","$5,164,733.00",$nan,$nan,$nan,nan%,nan%,$nan,$nan
51,Ulster,Cavan,2018-04-30,567.0,261.0,40,"$74,325,014.95","$33,848,174.00","$5,888,800.00",$nan,$nan,"$112,500.00",nan%,-10.00%,$nan,$nan
52,Ulster,Cavan,2018-05-31,560.0,252.0,42,"$73,074,514.95","$32,309,674.00","$5,101,000.00",$nan,$nan,$nan,nan%,nan%,$nan,$nan
53,Ulster,Cavan,2018-06-30,560.0,253.0,57,"$73,410,514.95","$33,249,234.00","$8,344,000.00",$nan,$nan,$nan,nan%,nan%,$nan,$nan
54,Ulster,Cavan,2018-07-31,560.0,273.0,52,"$73,448,744.95","$36,782,063.00","$7,371,230.00",$nan,"$115,000.00","$120,000.00",nan%,6.67%,$nan,$nan
55,Ulster,Cavan,2018-08-31,570.0,293.0,56,"$74,915,726.95","$39,782,745.00","$7,912,982.00",$nan,$nan,$nan,nan%,nan%,$nan,$nan
56,Ulster,Cavan,2018-09-30,578.0,304.0,57,"$76,521,481.00","$41,521,512.00","$6,903,500.00",$nan,$nan,$nan,nan%,nan%,$nan,$nan
57,Ulster,Cavan,2018-10-31,585.0,324.0,60,"$79,173,386.00","$45,325,212.00","$9,692,500.00",$nan,$nan,"$120,000.00",nan%,0.00%,$nan,$nan
58,Ulster,Cavan,2018-11-30,600.0,348.0,66,"$81,264,136.00","$48,954,462.00","$8,730,250.00",$nan,$nan,$nan,nan%,nan%,$nan,$nan
59,Ulster,Cavan,2018-12-31,598.0,345.0,54,"$81,663,646.00","$48,414,412.00","$7,803,950.00",$nan,$nan,$nan,nan%,nan%,$nan,$nan
60,Ulster,Cavan,2019-01-31,597.0,324.0,31,"$81,403,860.00","$44,621,797.00","$3,578,615.00","$120,000.00","$125,000.00","$130,000.00",9.09%,8.33%,"$75,000.00","$175,000.00"
61,Ulster,Cavan,2019-02-28,603.0,310.0,42,"$82,770,060.00","$42,987,315.00","$6,278,500.00",$nan,$nan,$nan,nan%,nan%,$nan,$nan
62,Ulster,Cavan,2019-03-31,607.0,303.0,50,"$84,831,827.00","$43,310,315.00","$7,226,500.00",$nan,$nan,$nan,nan%,nan%,$nan,$nan
63,Ulster,Cavan,2019-04-30,614.0,290.0,47,"$85,511,282.00","$40,186,070.00","$6,568,255.00",$nan,$nan,"$140,000.00",nan%,7.69%,$nan,$nan
64,Ulster,Cavan,2019-05-31,627.0,279.0,55,"$88,312,449.00","$39,357,987.00","$7,902,167.00",$nan,$nan,$nan,nan%,nan%,$nan,$nan
65,Ulster,Cavan,2019-06-30,625.0,280.0,55,"$88,854,452.00","$40,440,040.00","$8,886,003.00",$nan,$nan,$nan,nan%,nan%,$nan,$nan
66,Ulster,Cavan,2019-07-31,615.0,291.0,42,"$87,573,646.80","$42,951,849.80","$6,090,424.80",$nan,"$145,000.00","$146,833.50",nan%,4.88%,$nan,$nan
67,Ulster,Cavan,2019-08-31,612.0,302.0,53,"$87,671,183.80","$44,683,868.80","$8,010,519.00",$nan,$nan,$nan,nan%,nan%,$nan,$nan
68,Ulster,Cavan,2019-09-30,592.0,289.0,37,"$86,727,683.80","$43,417,368.80","$5,960,000.00",$nan,$nan,$nan,nan%,nan%,$nan,$nan
69,Ulster,Cavan,2019-10-31,582.0,292.0,50,"$83,760,433.80","$43,574,363.80","$6,725,250.00",$nan,$nan,"$147,000.00",nan%,0.11%,$nan,$nan
70,Ulster,Cavan,2019-11-30,568.0,289.0,52,"$82,588,897.10","$43,230,910.10","$7,558,713.30",$nan,$nan,$nan,nan%,nan%,$nan,$nan
71,Ulster,Cavan,2019-12-31,572.0,292.0,58,"$82,854,886.20","$42,414,846.20","$8,069,939.10",$nan,$nan,$nan,nan%,nan%,$nan,$nan
0,Ulster,Donegal,2014-01-31,,,54,$nan,$nan,"$5,378,165.20","$87,750.00","$87,750.00","$87,750.00",nan%,nan%,"$66,250.00","$108,375.00"
1,Ulster,Donegal,2014-02-28,,,51,$nan,$nan,"$4,979,125.00",$nan,$nan,$nan,nan%,nan%,$nan,$nan
2,Ulster,Donegal,2014-03-31,,,57,$nan,$nan,"$5,600,652.25",$nan,$nan,$nan,nan%,nan%,$nan,$nan
3,Ulster,Donegal,2014-04-30,,,52,$nan,$nan,"$4,661,724.14",$nan,$nan,"$87,250.00",nan%,-0.57%,$nan,$nan
4,Ulster,Donegal,2014-05-31,,,67,$nan,$nan,"$7,557,607.00",$nan,$nan,$nan,nan%,nan%,$nan,$nan
5,Ulster,Donegal,2014-06-30,,345.0,64,$nan,"$34,472,048.26","$6,294,774.67",$nan,$nan,$nan,nan%,nan%,$nan,$nan
6,Ulster,Donegal,2014-07-31,,396.0,105,$nan,"$38,376,952.50","$9,283,069.44",$nan,"$85,000.00","$85,000.00",nan%,-2.58%,$nan,$nan
7,Ulster,Donegal,2014-08-31,,405.0,60,$nan,"$39,326,577.50","$5,928,750.00",$nan,$nan,$nan,nan%,nan%,$nan,$nan
8,Ulster,Donegal,2014-09-30,,413.0,65,$nan,"$39,919,588.44","$6,193,663.19",$nan,$nan,$nan,nan%,nan%,$nan,$nan
9,Ulster,Donegal,2014-10-31,,460.0,99,$nan,"$46,095,116.85","$10,837,252.55",$nan,$nan,"$80,000.00",nan%,-5.88%,$nan,$nan
10,Ulster,Donegal,2014-11-30,,466.0,73,$nan,"$46,090,509.85","$7,553,000.00",$nan,$nan,$nan,nan%,nan%,$nan,$nan
11,Ulster,Donegal,2014-12-31,907.0,562.0,160,"$88,130,045.44","$53,657,997.18","$13,862,262.00",$nan,$nan,$nan,nan%,nan%,$nan,$nan
12,Ulster,Donegal,2015-01-31,935.0,539.0,82,"$91,841,127.31","$53,464,174.81","$9,089,247.07","$82,000.00","$80,000.00","$80,000.00",-6.55%,0.00%,"$50,000.00","$125,000.00"
13,Ulster,Donegal,2015-02-28,960.0,555.0,76,"$94,856,342.31","$55,529,764.81","$7,994,340.00",$nan,$nan,$nan,nan%,nan%,$nan,$nan
14,Ulster,Donegal,2015-03-31,979.0,566.0,76,"$97,414,990.85","$57,495,402.41","$8,159,300.79",$nan,$nan,$nan,nan%,nan%,$nan,$nan
15,Ulster,Donegal,2015-04-30,1011.0,551.0,84,"$101,182,242.71","$55,087,125.86","$8,428,976.00",$nan,$nan,"$90,000.00",nan%,12.50%,$nan,$nan
16,Ulster,Donegal,2015-05-31,1020.0,554.0,76,"$103,230,066.60","$57,139,556.75","$9,605,430.89",$nan,$nan,$nan,nan%,nan%,$nan,$nan
17,Ulster,Donegal,2015-06-30,1053.0,491.0,97,"$107,582,210.44","$53,924,213.26","$10,646,918.51",$nan,$nan,$nan,nan%,nan%,$nan,$nan
18,Ulster,Donegal,2015-07-31,1041.0,502.0,93,"$107,578,439.00","$54,114,264.19","$9,279,298.00",$nan,"$90,000.00","$94,000.00",nan%,4.44%,$nan,$nan
19,Ulster,Donegal,2015-08-31,1083.0,528.0,102,"$114,062,667.19","$58,532,902.38","$12,412,978.19",$nan,$nan,$nan,nan%,nan%,$nan,$nan
20,Ulster,Donegal,2015-09-30,1113.0,547.0,95,"$118,475,738.77","$60,980,336.36","$10,606,734.77",$nan,$nan,$nan,nan%,nan%,$nan,$nan
21,Ulster,Donegal,2015-10-31,1112.0,561.0,98,"$118,520,449.18","$63,433,323.32","$10,881,962.96",$nan,$nan,"$95,556.00",nan%,1.66%,$nan,$nan
22,Ulster,Donegal,2015-11-30,1135.0,581.0,96,"$121,845,967.18","$64,706,410.43","$10,878,518.00",$nan,$nan,$nan,nan%,nan%,$nan,$nan
23,Ulster,Donegal,2015-12-31,1106.0,615.0,131,"$121,315,457.87","$67,391,244.61","$13,331,752.69",$nan,$nan,$nan,nan%,nan%,$nan,$nan
24,Ulster,Donegal,2016-01-31,1111.0,609.0,87,"$121,064,344.80","$66,950,080.61","$8,838,134.00","$91,000.00","$92,500.00","$90,000.00",10.98%,-5.81%,"$60,000.00","$140,000.00"
25,Ulster,Donegal,2016-02-29,1110.0,582.0,75,"$120,833,004.80","$62,300,102.42","$7,763,000.00",$nan,$nan,$nan,nan%,nan%,$nan,$nan
26,Ulster,Donegal,2016-03-31,1100.0,553.0,66,"$120,565,804.01","$59,585,467.65","$7,892,100.00",$nan,$nan,$nan,nan%,nan%,$nan,$nan
27,Ulster,Donegal,2016-04-30,1106.0,545.0,90,"$122,256,961.01","$58,823,637.69","$10,120,133.00",$nan,$nan,"$90,000.00",nan%,0.00%,$nan,$nan
28,Ulster,Donegal,2016-05-31,1121.0,540.0,91,"$124,464,266.12","$59,757,855.69","$11,812,736.00",$nan,$nan,$nan,nan%,nan%,$nan,$nan
29,Ulster,Donegal,2016-06-30,1120.0,505.0,96,"$126,034,368.91","$58,643,124.30","$12,217,021.30",$nan,$nan,$nan,nan%,nan%,$nan,$nan
30,Ulster,Donegal,2016-07-31,1132.0,523.0,105,"$127,807,406.91","$60,857,326.30","$11,052,336.00",$nan,"$95,000.00","$97,000.00",nan%,7.78%,$nan,$nan
31,Ulster,Donegal,2016-08-31,1107.0,525.0,77,"$123,554,549.72","$61,254,447.30","$8,160,121.00",$nan,$nan,$nan,nan%,nan%,$nan,$nan
32,Ulster,Donegal,2016-09-30,1100.0,547.0,88,"$121,860,314.95","$62,274,847.30","$8,912,500.00",$nan,$nan,$nan,nan%,nan%,$nan,$nan
33,Ulster,Donegal,2016-10-31,1093.0,548.0,91,"$120,169,470.64","$61,345,832.95","$9,191,118.65",$nan,$nan,"$88,500.00",nan%,-8.76%,$nan,$nan
34,Ulster,Donegal,2016-11-30,1097.0,557.0,100,"$120,969,452.64","$61,211,596.95","$11,678,500.00",$nan,$nan,$nan,nan%,nan%,$nan,$nan
35,Ulster,Donegal,2016-12-31,1081.0,576.0,115,"$118,662,120.39","$60,018,996.09","$11,024,420.44",$nan,$nan,$nan,nan%,nan%,$nan,$nan
36,Ulster,Donegal,2017-01-31,1069.0,546.0,75,"$118,163,386.39","$57,306,060.09","$8,339,400.00","$92,500.00","$90,000.00","$94,750.00",1.65%,7.06%,"$60,000.00","$140,000.00"
37,Ulster,Donegal,2017-02-28,1055.0,530.0,61,"$117,053,598.39","$55,799,151.09","$6,653,212.00",$nan,$nan,$nan,nan%,nan%,$nan,$nan
38,Ulster,Donegal,2017-03-31,1062.0,515.0,73,"$119,218,529.39","$56,943,682.09","$10,057,031.00",$nan,$nan,$nan,nan%,nan%,$nan,$nan
39,Ulster,Donegal,2017-04-30,1045.0,497.0,73,"$117,882,632.39","$56,536,799.44","$8,784,236.00",$nan,$nan,"$102,000.00",nan%,7.65%,$nan,$nan
40,Ulster,Donegal,2017-05-31,1013.0,456.0,59,"$112,824,108.39","$51,612,511.44","$6,754,212.00",$nan,$nan,$nan,nan%,nan%,$nan,$nan
41,Ulster,Donegal,2017-06-30,1006.0,430.0,89,"$111,221,837.09","$51,202,841.00","$10,614,750.00",$nan,$nan,$nan,nan%,nan%,$nan,$nan
42,Ulster,Donegal,2017-07-31,994.0,448.0,93,"$110,596,619.09","$53,290,559.00","$10,427,118.00",$nan,"$100,000.00","$97,500.00",nan%,-4.41%,$nan,$nan
43,Ulster,Donegal,2017-08-31,1002.0,472.0,85,"$112,695,538.09","$56,896,387.00","$10,259,040.00",$nan,$nan,$nan,nan%,nan%,$nan,$nan
44,Ulster,Donegal,2017-09-30,997.0,482.0,83,"$114,106,260.25","$57,162,578.16","$10,323,222.16",$nan,$nan,$nan,nan%,nan%,$nan,$nan
45,Ulster,Donegal,2017-10-31,980.0,483.0,74,"$112,755,056.60","$56,218,257.16","$7,839,915.00",$nan,$nan,"$102,500.00",nan%,5.13%,$nan,$nan
46,Ulster,Donegal,2017-11-30,968.0,512.0,88,"$111,306,164.43","$59,693,652.99","$10,229,607.83",$nan,$nan,$nan,nan%,nan%,$nan,$nan
47,Ulster,Donegal,2017-12-31,955.0,525.0,102,"$115,660,890.63","$64,458,049.63","$15,379,146.64",$nan,$nan,$nan,nan%,nan%,$nan,$nan
48,Ulster,Donegal,2018-01-31,941.0,493.0,61,"$113,963,907.63","$60,673,348.63","$6,642,417.00","$100,000.00","$104,500.00","$105,000.00",8.11%,2.44%,"$70,000.00","$147,500.00"
49,Ulster,Donegal,2018-02-28,945.0,473.0,65,"$113,635,404.36","$56,739,017.36","$6,324,708.73",$nan,$nan,$nan,nan%,nan%,$nan,$nan
50,Ulster,Donegal,2018-03-31,960.0,478.0,88,"$115,614,423.36","$58,451,845.20","$12,036,050.00",$nan,$nan,$nan,nan%,nan%,$nan,$nan
51,Ulster,Donegal,2018-04-30,960.0,477.0,73,"$115,636,460.51","$59,418,203.35","$8,806,273.15",$nan,$nan,"$106,500.00",nan%,1.43%,$nan,$nan
52,Ulster,Donegal,2018-05-31,1006.0,494.0,105,"$120,893,935.51","$61,200,282.52","$12,011,687.00",$nan,$nan,$nan,nan%,nan%,$nan,$nan
53,Ulster,Donegal,2018-06-30,998.0,473.0,81,"$119,227,411.51","$54,769,361.88","$8,948,226.00",$nan,$nan,$nan,nan%,nan%,$nan,$nan
54,Ulster,Donegal,2018-07-31,997.0,504.0,92,"$120,713,026.51","$60,039,677.88","$11,912,733.00",$nan,"$108,000.00","$110,000.00",nan%,3.29%,$nan,$nan
55,Ulster,Donegal,2018-08-31,1001.0,528.0,89,"$121,158,936.51","$64,419,919.15","$10,704,950.00",$nan,$nan,$nan,nan%,nan%,$nan,$nan
56,Ulster,Donegal,2018-09-30,1000.0,522.0,82,"$121,268,664.35","$62,816,819.15","$10,432,950.00",$nan,$nan,$nan,nan%,nan%,$nan,$nan
57,Ulster,Donegal,2018-10-31,1019.0,542.0,93,"$123,641,915.35","$64,223,712.00","$10,213,166.00",$nan,$nan,"$109,250.00",nan%,-0.68%,$nan,$nan
58,Ulster,Donegal,2018-11-30,1009.0,515.0,78,"$122,725,957.52","$61,525,675.00","$9,313,650.00",$nan,$nan,$nan,nan%,nan%,$nan,$nan
59,Ulster,Donegal,2018-12-31,1021.0,548.0,114,"$121,517,267.99","$66,747,906.11","$14,170,457.11",$nan,$nan,$nan,nan%,nan%,$nan,$nan
60,Ulster,Donegal,2019-01-31,1038.0,534.0,78,"$124,061,630.99","$64,021,953.11","$9,186,780.00","$110,000.00","$110,000.00","$110,000.00",10.00%,0.69%,"$69,000.00","$150,000.00"
61,Ulster,Donegal,2019-02-28,1049.0,521.0,76,"$127,384,174.26","$62,964,255.11","$9,647,252.00",$nan,$nan,$nan,nan%,nan%,$nan,$nan
62,Ulster,Donegal,2019-03-31,1028.0,506.0,67,"$124,333,316.26","$61,516,497.11","$8,985,192.00",$nan,$nan,$nan,nan%,nan%,$nan,$nan
63,Ulster,Donegal,2019-04-30,1036.0,494.0,81,"$126,715,690.11","$62,491,978.11","$11,188,647.00",$nan,$nan,"$120,000.00",nan%,9.09%,$nan,$nan
64,Ulster,Donegal,2019-05-31,1037.0,522.0,106,"$126,688,636.11","$65,162,961.11","$11,984,633.00",$nan,$nan,$nan,nan%,nan%,$nan,$nan
65,Ulster,Donegal,2019-06-30,1028.0,480.0,72,"$126,433,750.11","$59,685,844.00","$8,693,340.00",$nan,$nan,$nan,nan%,nan%,$nan,$nan
66,Ulster,Donegal,2019-07-31,1017.0,483.0,81,"$124,401,466.11","$60,379,513.00","$9,880,449.00",$nan,"$112,500.00","$108,000.00",nan%,-10.00%,$nan,$nan
67,Ulster,Donegal,2019-08-31,1016.0,495.0,88,"$125,347,818.09","$62,383,562.98","$11,651,301.98",$nan,$nan,$nan,nan%,nan%,$nan,$nan
68,Ulster,Donegal,2019-09-30,1015.0,509.0,81,"$127,567,618.09","$66,051,120.98","$12,652,750.00",$nan,$nan,$nan,nan%,nan%,$nan,$nan
69,Ulster,Donegal,2019-10-31,1010.0,516.0,88,"$127,917,520.59","$65,425,542.48","$10,563,068.50",$nan,$nan,"$125,000.00",nan%,15.74%,$nan,$nan
70,Ulster,Donegal,2019-11-30,1039.0,517.0,107,"$131,579,289.24","$66,416,328.13","$12,975,418.65",$nan,$nan,$nan,nan%,nan%,$nan,$nan
71,Ulster,Donegal,2019-12-31,1031.0,551.0,106,"$130,532,223.88","$70,846,379.88","$13,123,391.75",$nan,$nan,$nan,nan%,nan%,$nan,$nan
0,Ulster,Monaghan,2014-01-31,,,8,$nan,$nan,"$944,500.00","$107,500.00","$107,500.00","$107,500.00",nan%,nan%,"$56,875.00","$155,000.00"
1,Ulster,Monaghan,2014-02-28,,,17,$nan,$nan,"$2,067,171.00",$nan,$nan,$nan,nan%,nan%,$nan,$nan
2,Ulster,Monaghan,2014-03-31,,,14,$nan,$nan,"$1,528,000.00",$nan,$nan,$nan,nan%,nan%,$nan,$nan
3,Ulster,Monaghan,2014-04-30,,,18,$nan,$nan,"$1,214,000.00",$nan,$nan,"$75,000.00",nan%,-30.23%,$nan,$nan
4,Ulster,Monaghan,2014-05-31,,,21,$nan,$nan,"$1,237,002.00",$nan,$nan,$nan,nan%,nan%,$nan,$nan
5,Ulster,Monaghan,2014-06-30,,98.0,20,$nan,"$9,396,673.00","$2,406,000.00",$nan,$nan,$nan,nan%,nan%,$nan,$nan
6,Ulster,Monaghan,2014-07-31,,111.0,21,$nan,"$10,716,473.00","$2,264,300.00",$nan,"$76,000.00","$78,000.00",nan%,4.00%,$nan,$nan
7,Ulster,Monaghan,2014-08-31,,106.0,12,$nan,"$9,633,190.89","$983,888.89",$nan,$nan,$nan,nan%,nan%,$nan,$nan
8,Ulster,Monaghan,2014-09-30,,106.0,14,$nan,"$9,638,690.89","$1,533,500.00",$nan,$nan,$nan,nan%,nan%,$nan,$nan
9,Ulster,Monaghan,2014-10-31,,114.0,26,$nan,"$11,207,180.89","$2,782,490.00",$nan,$nan,"$89,495.00",nan%,14.74%,$nan,$nan
10,Ulster,Monaghan,2014-11-30,,112.0,19,$nan,"$12,155,428.89","$2,185,250.00",$nan,$nan,$nan,nan%,nan%,$nan,$nan
11,Ulster,Monaghan,2014-12-31,219.0,121.0,29,"$22,445,780.89","$13,049,107.89","$3,299,679.00",$nan,$nan,$nan,nan%,nan%,$nan,$nan
12,Ulster,Monaghan,2015-01-31,233.0,122.0,22,"$23,642,280.89","$12,925,807.89","$2,141,000.00","$85,000.00","$96,000.00","$98,500.00",-20.93%,10.06%,"$48,500.00","$138,000.00"
13,Ulster,Monaghan,2015-02-28,233.0,127.0,17,"$23,628,609.89","$13,995,419.00","$2,053,500.00",$nan,$nan,$nan,nan%,nan%,$nan,$nan
14,Ulster,Monaghan,2015-03-31,246.0,140.0,27,"$25,328,959.89","$15,690,269.00","$3,228,350.00",$nan,$nan,$nan,nan%,nan%,$nan,$nan
15,Ulster,Monaghan,2015-04-30,245.0,131.0,17,"$25,932,459.89","$14,725,279.00","$1,817,500.00",$nan,$nan,"$113,000.00",nan%,14.72%,$nan,$nan
16,Ulster,Monaghan,2015-05-31,253.0,141.0,29,"$27,431,957.89","$15,276,529.00","$2,736,500.00",$nan,$nan,$nan,nan%,nan%,$nan,$nan
17,Ulster,Monaghan,2015-06-30,255.0,134.0,22,"$27,731,457.89","$14,682,350.00","$2,705,500.00",$nan,$nan,$nan,nan%,nan%,$nan,$nan
18,Ulster,Monaghan,2015-07-31,252.0,130.0,18,"$27,896,824.89","$14,971,017.00","$2,429,667.00",$nan,"$102,500.00","$100,000.00",nan%,-11.50%,$nan,$nan
19,Ulster,Monaghan,2015-08-31,255.0,128.0,15,"$28,569,936.00","$14,574,517.00","$1,657,000.00",$nan,$nan,$nan,nan%,nan%,$nan,$nan
20,Ulster,Monaghan,2015-09-30,265.0,125.0,24,"$29,911,936.00","$14,221,667.00","$2,875,500.00",$nan,$nan,$nan,nan%,nan%,$nan,$nan
21,Ulster,Monaghan,2015-10-31,260.0,129.0,21,"$29,486,946.00","$14,761,667.00","$2,357,500.00",$nan,$nan,"$89,500.00",nan%,-10.50%,$nan,$nan
22,Ulster,Monaghan,2015-11-30,262.0,121.0,21,"$29,794,696.00","$14,518,167.00","$2,493,000.00",$nan,$nan,$nan,nan%,nan%,$nan,$nan
23,Ulster,Monaghan,2015-12-31,269.0,135.0,36,"$30,566,017.00","$15,883,667.00","$4,071,000.00",$nan,$nan,$nan,nan%,nan%,$nan,$nan
24,Ulster,Monaghan,2016-01-31,273.0,143.0,26,"$32,249,517.00","$17,278,500.00","$3,824,500.00","$100,000.00","$99,000.00","$110,000.00",17.65%,22.91%,"$60,000.00","$162,000.00"
25,Ulster,Monaghan,2016-02-29,279.0,151.0,23,"$32,291,017.00","$17,716,500.00","$2,095,000.00",$nan,$nan,$nan,nan%,nan%,$nan,$nan
26,Ulster,Monaghan,2016-03-31,273.0,148.0,21,"$31,297,667.00","$17,076,000.00","$2,235,000.00",$nan,$nan,$nan,nan%,nan%,$nan,$nan
27,Ulster,Monaghan,2016-04-30,280.0,151.0,24,"$32,284,667.00","$17,523,000.00","$2,804,500.00",$nan,$nan,"$90,000.00",nan%,-18.18%,$nan,$nan
28,Ulster,Monaghan,2016-05-31,272.0,151.0,21,"$32,925,167.00","$18,407,000.00","$3,377,000.00",$nan,$nan,$nan,nan%,nan%,$nan,$nan
29,Ulster,Monaghan,2016-06-30,273.0,138.0,23,"$32,622,497.00","$16,738,830.00","$2,402,830.00",$nan,$nan,$nan,nan%,nan%,$nan,$nan
30,Ulster,Monaghan,2016-07-31,275.0,132.0,20,"$32,248,330.00","$14,969,830.00","$2,055,500.00",$nan,"$99,000.00","$117,750.00",nan%,30.83%,$nan,$nan
31,Ulster,Monaghan,2016-08-31,284.0,133.0,24,"$32,931,330.00","$15,214,830.00","$2,340,000.00",$nan,$nan,$nan,nan%,nan%,$nan,$nan
32,Ulster,Monaghan,2016-09-30,280.0,132.0,20,"$32,143,530.00","$15,067,530.00","$2,087,700.00",$nan,$nan,$nan,nan%,nan%,$nan,$nan
33,Ulster,Monaghan,2016-10-31,280.0,129.0,21,"$32,212,030.00","$14,689,030.00","$2,426,000.00",$nan,$nan,"$95,000.00",nan%,-19.32%,$nan,$nan
34,Ulster,Monaghan,2016-11-30,291.0,140.0,32,"$34,567,734.00","$16,160,734.00","$4,848,704.00",$nan,$nan,$nan,nan%,nan%,$nan,$nan
35,Ulster,Monaghan,2016-12-31,288.0,150.0,33,"$34,899,934.00","$18,161,104.00","$4,403,200.00",$nan,$nan,$nan,nan%,nan%,$nan,$nan
36,Ulster,Monaghan,2017-01-31,289.0,157.0,27,"$33,690,595.00","$18,720,765.00","$2,615,161.00","$100,000.00","$100,000.00","$116,250.00",0.00%,22.37%,"$58,000.00","$166,000.00"
37,Ulster,Monaghan,2017-02-28,287.0,154.0,21,"$34,488,894.24","$19,274,064.24","$2,893,299.24",$nan,$nan,$nan,nan%,nan%,$nan,$nan
38,Ulster,Monaghan,2017-03-31,317.0,185.0,51,"$39,038,144.24","$23,970,614.24","$6,784,250.00",$nan,$nan,$nan,nan%,nan%,$nan,$nan
39,Ulster,Monaghan,2017-04-30,314.0,185.0,21,"$38,794,144.24","$24,105,114.24","$2,560,500.00",$nan,$nan,"$132,000.00",nan%,13.55%,$nan,$nan
40,Ulster,Monaghan,2017-05-31,319.0,179.0,26,"$38,284,686.24","$22,123,952.24","$2,867,542.00",$nan,$nan,$nan,nan%,nan%,$nan,$nan
41,Ulster,Monaghan,2017-06-30,324.0,174.0,28,"$39,963,856.24","$21,802,752.24","$4,082,000.00",$nan,$nan,$nan,nan%,nan%,$nan,$nan
42,Ulster,Monaghan,2017-07-31,332.0,175.0,28,"$41,236,356.24","$22,515,591.24","$3,328,000.00",$nan,"$130,000.00","$126,000.00",nan%,-4.55%,$nan,$nan
43,Ulster,Monaghan,2017-08-31,329.0,175.0,21,"$41,945,356.24","$22,671,292.00","$3,049,000.00",$nan,$nan,$nan,nan%,nan%,$nan,$nan
44,Ulster,Monaghan,2017-09-30,342.0,157.0,33,"$44,908,656.24","$20,938,042.00","$5,051,000.00",$nan,$nan,$nan,nan%,nan%,$nan,$nan
45,Ulster,Monaghan,2017-10-31,353.0,168.0,32,"$46,271,528.24","$22,166,414.00","$3,788,872.00",$nan,$nan,"$132,750.00",nan%,5.36%,$nan,$nan
46,Ulster,Monaghan,2017-11-30,350.0,171.0,29,"$45,356,717.24","$23,232,765.00","$3,933,893.00",$nan,$nan,$nan,nan%,nan%,$nan,$nan
47,Ulster,Monaghan,2017-12-31,345.0,171.0,28,"$44,525,382.24","$22,722,630.00","$3,571,865.00",$nan,$nan,$nan,nan%,nan%,$nan,$nan
48,Ulster,Monaghan,2018-01-31,341.0,166.0,23,"$45,364,721.24","$22,849,130.00","$3,454,500.00","$132,000.00","$135,000.00","$142,500.00",32.00%,7.34%,"$70,000.00","$175,000.00"
49,Ulster,Monaghan,2018-02-28,335.0,160.0,15,"$44,522,422.00","$21,851,130.00","$2,051,000.00",$nan,$nan,$nan,nan%,nan%,$nan,$nan
50,Ulster,Monaghan,2018-03-31,310.0,153.0,26,"$42,942,316.00","$22,004,274.00","$5,204,144.00",$nan,$nan,$nan,nan%,nan%,$nan,$nan
51,Ulster,Monaghan,2018-04-30,315.0,147.0,26,"$44,191,566.00","$22,025,152.00","$3,809,750.00",$nan,$nan,"$142,500.00",nan%,0.00%,$nan,$nan
52,Ulster,Monaghan,2018-05-31,308.0,137.0,19,"$44,443,774.00","$21,211,009.00","$3,119,750.00",$nan,$nan,$nan,nan%,nan%,$nan,$nan
53,Ulster,Monaghan,2018-06-30,300.0,129.0,20,"$43,780,774.00","$21,058,144.00","$3,419,000.00",$nan,$nan,$nan,nan%,nan%,$nan,$nan
54,Ulster,Monaghan,2018-07-31,291.0,125.0,19,"$44,164,274.00","$21,315,144.00","$3,711,500.00",$nan,"$153,500.00","$168,500.00",nan%,18.25%,$nan,$nan
55,Ulster,Monaghan,2018-08-31,297.0,137.0,27,"$44,928,274.00","$23,077,144.00","$3,813,000.00",$nan,$nan,$nan,nan%,nan%,$nan,$nan
56,Ulster,Monaghan,2018-09-30,283.0,130.0,19,"$43,374,774.00","$21,370,500.00","$3,497,500.00",$nan,$nan,$nan,nan%,nan%,$nan,$nan
57,Ulster,Monaghan,2018-10-31,280.0,133.0,29,"$43,458,402.00","$21,433,250.00","$3,872,500.00",$nan,$nan,"$142,000.00",nan%,-15.73%,$nan,$nan
58,Ulster,Monaghan,2018-11-30,289.0,152.0,38,"$44,668,884.00","$23,457,875.00","$5,144,375.00",$nan,$nan,$nan,nan%,nan%,$nan,$nan
59,Ulster,Monaghan,2018-12-31,284.0,155.0,23,"$44,516,619.00","$23,458,475.00","$3,419,600.00",$nan,$nan,$nan,nan%,nan%,$nan,$nan
60,Ulster,Monaghan,2019-01-31,277.0,152.0,16,"$44,235,119.00","$22,919,975.00","$3,173,000.00","$150,000.00","$143,000.00","$146,000.00",13.64%,2.82%,"$95,000.00","$200,000.00"
61,Ulster,Monaghan,2019-02-28,283.0,146.0,21,"$45,686,619.00","$22,609,475.00","$3,502,500.00",$nan,$nan,$nan,nan%,nan%,$nan,$nan
62,Ulster,Monaghan,2019-03-31,286.0,156.0,29,"$45,498,075.00","$24,127,575.00","$5,015,600.00",$nan,$nan,$nan,nan%,nan%,$nan,$nan
63,Ulster,Monaghan,2019-04-30,284.0,151.0,24,"$45,231,325.00","$23,798,075.00","$3,543,000.00",$nan,$nan,"$161,750.00",nan%,10.79%,$nan,$nan
64,Ulster,Monaghan,2019-05-31,286.0,134.0,21,"$45,438,991.00","$21,981,116.00","$3,327,416.00",$nan,$nan,$nan,nan%,nan%,$nan,$nan
65,Ulster,Monaghan,2019-06-30,293.0,138.0,27,"$46,211,241.00","$22,752,766.00","$4,191,250.00",$nan,$nan,$nan,nan%,nan%,$nan,$nan
66,Ulster,Monaghan,2019-07-31,295.0,143.0,21,"$45,550,279.50","$22,630,304.50","$3,050,538.50",$nan,"$155,000.00","$137,500.00",nan%,-14.99%,$nan,$nan
67,Ulster,Monaghan,2019-08-31,284.0,138.0,16,"$43,738,279.50","$21,128,804.50","$2,001,000.00",$nan,$nan,$nan,nan%,nan%,$nan,$nan
68,Ulster,Monaghan,2019-09-30,283.0,127.0,18,"$43,120,279.50","$18,992,704.50","$2,879,500.00",$nan,$nan,$nan,nan%,nan%,$nan,$nan
69,Ulster,Monaghan,2019-10-31,279.0,128.0,25,"$43,019,279.50","$19,221,204.50","$3,771,500.00",$nan,$nan,"$140,000.00",nan%,1.82%,$nan,$nan
70,Ulster,Monaghan,2019-11-30,287.0,153.0,46,"$44,466,304.50","$22,485,188.50","$6,591,400.00",$nan,$nan,$nan,nan%,nan%,$nan,$nan
71,Ulster,Monaghan,2019-12-31,292.0,154.0,28,"$45,345,324.50","$22,592,558.50","$4,298,620.00",$nan,$nan,$nan,nan%,nan%,$nan,$nan
